index_date,idp,iec,ibov,oil,dolfut,ipca,embi,selic
2010-01-01,3737.36094266876,-1752.98419772996,0.0,0.0,1.88780189728816,0.0,0.0,0.0
2010-02-01,5937.33830985465,-4384.84469317859,1568.1373802917005,-4.720114892165711,1.82656025893072,0.09454413783545601,-10.051515411862994,0.164442143979441
2010-03-01,4957.75893658681,-3473.11208814566,1096.9189544947003,3.2378945699332036,1.81053325183921,-0.10439397855909405,-30.691021687122003,0.02631669909969858
2010-04-01,4733.01554769028,-6424.65142789884,-723.3248155873007,2.0785273023513042,1.77925593889373,-0.10058996586881896,29.441676869191014,-0.3981159661611997
2010-05-01,7181.34673112555,-4494.37896556448,-1974.6589316190948,-0.19395965994429787,1.79722680614794,0.08244429645288798,16.582071167494007,0.958822412836291
2010-06-01,1389.9214246995,-3343.88232701937,2741.4713750091905,0.4243096096767971,1.79193611879724,-0.12777982198441495,2.33333093616298,-0.18828621353034158
2010-07-01,5245.18054939203,-4149.74163716625,3656.0029724829074,-0.19725350223619387,1.75229228970686,-0.05380694779363504,-9.700649210801004,-0.5732038991660886
2010-08-01,7315.60404221437,-5440.04580819343,-1968.0932713138027,0.17593076756749326,1.75400410710431,-0.060943321200277956,-1.1654553322129857,0.05950828723899804
2010-09-01,8750.71763791396,-7934.39787837714,957.7297378117073,1.8670701113393022,1.70269624968065,0.19691065735237295,-15.897894675803997,0.020731095191802495
2010-10-01,7977.49561373859,-20195.2215536053,1088.9227505273884,5.994548757250101,1.7004476354003,0.227473850379045,-23.680532484872003,0.06723145539379871
2010-11-01,8889.67731142381,-4211.68869278224,-1684.5279314218933,3.5230487846240948,1.65339200920203,0.020062755493312046,10.024256073903985,-0.21568991211790056
2010-12-01,16328.8157515343,-1258.91491930577,-232.56379520510382,5.912019230620203,1.64759641238179,-0.24035783896256202,0.18065517963901812,0.09485982489390032
2011-01-01,6526.86934529634,-3618.24379519377,-3136.545712657098,2.4203316378381032,1.68523813138117,0.134317852531474,-14.951944730999003,0.8412704534969002
2011-02-01,10824.5081378187,-2004.58780088223,1358.7487784092082,4.943778772757398,1.67432489964072,0.053399265474500024,-1.9772184555160095,-0.7123033952637989
2011-03-01,9085.6143294535,-10098.7216582727,-1414.0381546037097,9.502864906064005,1.65515781464625,0.14008852867270094,-3.815339846783985,0.040622470077599004
2011-04-01,9685.65709924064,-3428.499511819,-699.0387008690959,4.9408591478369885,1.61749574430592,-0.16620761701963793,12.284463989189987,0.36813158619609965
2011-05-01,7638.75611548263,-4779.92944529917,890.8555134681956,-0.5095698042219965,1.56580149061611,-0.083571636989757,-11.68273454184299,-0.5591149150970995
2011-06-01,9099.29686711575,-3094.52914758568,2417.777781065706,0.025723676962002173,1.55476638101452,-0.04561817684389202,-32.868747448693995,0.09777076112179905
2011-07-01,8824.25795274747,-5355.81138183355,-6789.622958251406,2.173909937860998,1.54958103479198,-0.019111665066462002,23.387310781659977,-0.1065899897147986
2011-08-01,8142.56574339697,-308.717194353861,-1997.790063178698,-7.970293577780993,1.58756890504593,0.11614546955096605,23.401196372402012,0.053087368205599006
2011-09-01,9441.04724468757,543.306135414323,-6822.702042413497,3.4330201897719945,1.85779661327312,-0.052857921458348,88.76075583497303,-0.20089453430699855
2011-10-01,8854.4469438886,-1329.69968573204,5666.8803108102,-1.984672416498995,1.68819284344902,-0.16210739087131604,-53.42386074934501,-0.22833739131710118
2011-11-01,6771.92954294178,-4736.72938389662,-471.7686012313061,2.153559633599002,1.7472959335607,0.03708536968494397,1.3779481751879814,0.3126524587628001
2011-12-01,7435.37995682062,-3148.06199401875,-1112.9505196669998,-2.601898678398001,1.85227575209455,-0.08417338890571796,4.8251430834630185,-0.3952353671534006
2012-01-01,9214.81297795149,-4521.53755021561,5908.978192648501,0.725818632277992,1.75436030451088,-0.03592859357295103,-16.636449391013002,-0.6257247589177091
2012-02-01,6642.01544693812,-608.769523334512,3445.992292856303,6.232762343960999,1.71805063504227,0.003676561071445039,-20.005291751329025,1.2262241039722195
2012-03-01,14527.5701050608,813.053799300445,-3502.8665664852015,5.448591480410997,1.85151915781581,-0.08553638157967802,-17.132337530385996,-0.2628892355922403
2012-04-01,5845.2858772498,-617.414723788085,-1913.4207538496994,-9.094174649205996,1.94452690984486,0.303822346342238,29.19160673587001,-0.7994464563959287
2012-05-01,4609.54953568986,2145.88557374949,-5294.468420928402,-3.6017111182270014,2.01182043775554,-0.07727891204760501,40.41252503894299,0.4512975395565899
2012-06-01,7357.40259489706,-1196.35996420089,3642.854019967999,-14.54016591412389,2.01843708095671,-0.06318826717346898,-44.00982549161398,0.35739102445259796
2012-07-01,8869.03739031864,-844.422103658598,-741.3839478036971,6.66548239789789,2.04220652151969,0.366718966050504,-9.704549277623016,-0.3931624797243476
2012-08-01,7194.4059853397,-1897.99517979069,1407.1410257445023,10.003944584348005,2.04236755943241,-0.11641038064171205,-12.803691220459001,0.04933776194994888
2012-09-01,5907.25882112014,-875.479352320011,-189.88775451100082,-0.2865113249650051,2.01921200833025,-0.02311362963668795,-12.154430948472992,0.5766273438589202
2012-10-01,7059.34356847078,-2546.26867204479,-2601.5590605659017,0.22562271785101018,2.03156384188904,-0.03770076697171498,-0.6325444336330008,-0.2838536816921202
2012-11-01,10594.8093182788,-2945.08150580926,1197.5053536346022,-1.6000469937890074,2.03941876433461,-0.04223856442332008,-13.521647733909987,0.08533736819226956
2012-12-01,4603.01092906866,-2777.5432913996,3279.121960650402,1.7176534923840023,2.01198171606952,0.08719166777655907,-5.743226859848022,0.1393416855907006
2013-01-01,4330.77413520431,-2658.56386188425,-1601.6392990162058,1.9995108211270036,2.01032448325667,-0.06177062639779907,-2.109423158512982,-0.18917758648168004
2013-02-01,4693.31299883858,-3997.48796156777,-1380.4731415588976,0.8228598668689955,1.97833334163893,-0.10764211088503794,26.897702986306996,0.23705715155287965
2013-03-01,6855.24899627998,-3050.02357331086,-2996.131712521601,-7.743558579402006,2.04906949454779,0.05778213555103601,15.233791804870009,0.03535732000633107
2013-04-01,7125.07360830515,1247.42613926557,-703.8832931911966,-9.31758547198379,2.05681335177318,-0.040554581183250005,-1.638734627316012,-0.028350989362751378
2013-05-01,12478.8656463263,-3834.19626532943,-196.1199321735039,3.4621580999797885,2.12226729357292,-0.017567238480652003,24.240842462755012,0.4355576994563606
2013-06-01,11004.1645293372,-992.51405109345,-3429.5811840702954,0.3386204080120052,2.22331545876751,0.06817586800763298,25.022504203647998,-0.6423692016835894
2013-07-01,4135.2199181175,-3180.25256174384,-1441.3411634706063,5.042410920774998,2.28700694117207,-0.19858170434203198,10.91591786654098,0.5867316669909695
2013-08-01,3868.47951396208,-6864.16854315278,2358.255660928102,3.0258146771970047,2.38218247582842,0.132038803584139,8.764480773482006,0.05494203740794923
2013-09-01,4251.52162779152,-7656.46166494245,949.9057442234989,0.013681894832998864,2.19791195560682,-0.019592367105575992,-18.940195985092004,-0.4407807533029491
2013-10-01,5438.63824957744,507.703675707605,1043.4009137335015,-1.338256754957996,2.20149771881937,0.15257243119411296,-6.094069238125996,0.4475176756190802
2013-11-01,9796.9540779282,-1430.51065914972,-1059.4774956640977,0.10153549331899114,2.25682892574072,-0.07877112246462498,18.587400915657014,-0.13437443539306138
2013-12-01,951.317722563468,-626.969823415782,-368.4756674090022,5.084923860021007,2.30042894640144,0.24532830599357996,-18.464774290715013,-0.36735698274016926
2014-01-01,8360.15655832524,-4488.68492070218,-4516.7881744257975,-3.693327070464008,2.45887812088498,-0.540898260024967,21.011623148425997,0.3338975657967307
2014-02-01,7235.01113044679,-3001.17068381059,172.15178898299928,-0.9960411747189966,2.33527242244244,0.31801066127700106,-18.768843662248003,-0.05695476483029971
2014-03-01,6918.15289166508,-5714.02112850014,2018.307272053702,-1.2381844658799963,2.30315009894784,0.44155704266041695,-6.539687356150978,-0.22496730014930044
2014-04-01,7281.77228437798,-1985.87933066477,71.66743118209706,-2.710609033937999,2.29604200383942,-0.33358791709062097,2.0361778339219825,0.044322700663199655
2014-05-01,8058.56126185742,-6098.39493524461,2063.6610639870996,2.40289992205399,2.23005205474695,-0.11914848112343901,-14.223624429878981,-0.08399918928239991
2014-06-01,6356.19792566503,-8372.30457417261,4321.2944922225,2.1022368524600097,2.21328134207003,0.11023065846011204,-2.924959050440009,-0.12366003286880023
2014-07-01,9270.88686824936,2084.4365018646,182.9132701851995,-4.500353705684006,2.2726521194171,-0.37065987360419506,11.551129295258988,0.03842746018409926
2014-08-01,9378.922419596,-5840.82562969382,6166.362274687301,-4.817812769398998,2.2480279224643,0.180963204233536,-9.854532252962002,0.0665806104311013
2014-09-01,7198.30582653397,-6978.19497500873,-8091.7192749686,-5.325649510409605,2.39973335282072,0.264598628429812,26.223787437444003,0.06487139166429934
2014-10-01,6163.11446658029,-6115.98609825973,-780.9880092558014,-8.6969077578036,2.43743054815684,-0.259775040916147,3.2119810885150173,0.17290355920080103
2014-11-01,6120.68273341303,-2750.96756873989,1001.8737531346997,-6.544107835058497,2.49561298324101,0.054652522082306976,-1.9210843754430016,-0.38118295398880164
2014-12-01,5196.1015645414,7500.75027349308,-3557.813175443196,-14.687558013096691,2.60436973151492,0.11292917806899905,22.326916852013966,0.6653850073811007
2015-01-01,4016.15285820469,-8994.54251748653,-4214.478544427802,-15.312320171156706,2.70667949095039,0.29065135508458295,36.234277741040046,-0.17573534233359922
2015-02-01,4478.99819339147,-5181.45352017766,5214.736796074103,9.756463642000604,2.88728347596126,0.15425361026332596,5.275396034850985,-0.34130467739960046
2015-03-01,2721.27405473147,-3006.63688962871,-1524.3111683483003,-2.1763819065348997,3.26928637071409,0.33492647404656006,17.45777949760702,0.5327720720559999
2015-04-01,4439.57558236866,-4301.16531699687,3396.758311658101,0.6564391813500947,3.06704389308524,-0.671142555932895,-4.761771927556026,-0.14854433658260113
2015-05-01,6174.34844962228,-4139.64297284061,26.76750660509424,3.1548987779060056,3.15523680811935,0.036876871318944904,-18.575111046032987,-0.37357015772959734
2015-06-01,6447.36183114835,299.980805668431,1778.3144361860031,-2.5289201280326026,3.11412680782378,0.24805142253965906,12.13804410703898,0.40273748534129794
2015-07-01,5732.2008132547,6102.55379050625,-4816.123830013603,-3.7337650660392043,3.41951268077514,-0.19884090197580506,19.12580671080002,0.01263735928499976
2015-08-01,4497.34602433146,202.860569765312,-3481.3595828600955,-9.219570213121095,3.6463569185892,-0.40184702562334196,24.409715499571973,-0.42212174796589785
2015-09-01,6643.50154339414,2284.69789451233,-1806.0192868830054,-0.38357008633069967,3.87332878973611,0.30355409208196404,84.59949662945002,0.037641352122497196
2015-10-01,4698.68469175294,2473.15626662584,-694.5412608918996,1.8162638641077962,3.84239472882812,0.11839998913646799,-15.740411974021981,-0.05839179572909714
2015-11-01,6526.45298475231,-5001.24904378622,196.93161972520465,-2.8688997136165995,3.77270514260329,0.18332847080205994,11.621293617796994,-0.12264331131000183
2015-12-01,7969.84741265189,1405.7975350137,-413.70476663190493,-4.142028585288095,3.83489851100129,-0.19935052499987893,83.84096324724698,0.1403410334844004
2016-01-01,5489.53819009812,4640.30932373338,-4564.416515894198,-7.657483782292502,4.13417345994508,0.1585863166356709,-37.13879180648098,-0.15570057507600055
2016-02-01,6815.19567777535,4638.52577791932,2636.964358140802,1.812502776851197,4.01538174555023,-0.23659603713336397,-2.596747577588019,0.14881925829959997
2016-03-01,6601.35655814033,714.14495579919,6755.013845484296,5.904034613355705,3.62222274729884,-0.23721628040959097,-67.27826659885397,0.02292803829690193
2016-04-01,8133.3638135752,516.264339158961,2192.0264303274016,0.22042481259219926,3.51447480015411,0.14670507582042802,-3.0430324803980398,-0.12165729787720281
2016-05-01,6996.28754433281,5071.65882762164,-1830.699888011899,2.7532076858698957,3.55448780897987,0.13841916861909198,-7.2577503947759965,0.12049277728570118
2016-06-01,4923.42513490946,-3100.79017900718,4021.847443525403,2.568894193136501,3.20573741258743,-0.20730674656019699,-43.53670377083398,-0.09312272906779917
2016-07-01,669.579321504255,-632.724290308368,3376.998099719196,-2.2541109145904983,3.28389959209945,0.07806802485710795,0.110467324653996,-0.0022609226860001996
2016-08-01,6622.93351392717,4223.14486071266,1664.4388516506006,2.4818795549746966,3.2126345491561,-0.03298133894098898,-38.656868164906996,0.09094160786630034
2016-09-01,5237.24098911656,3085.13183182902,357.7147250097987,-1.6519243002574981,3.15634094176279,-0.34033970097983,-3.070795306507989,0.026653679248198614
2016-10-01,6625.5350293768,1200.34232724307,4224.758613511003,4.2400762743085,3.16925950583159,-0.03519218767731197,5.814385165990018,-0.2835908403912999
2016-11-01,6563.0427706934,-808.099330530134,-1586.0376535005998,-4.2445913653083025,3.34755358980856,-0.09398498882692502,17.34235321820495,0.08503249325330131
2016-12-01,9359.8400947489,660.840651003333,301.6424804174967,9.611119200306902,3.21470049066516,-0.0017827537006179783,-17.055295966365975,-0.07937457341380139
2017-01-01,11328.8846118018,4722.98786255078,1060.907364331404,1.7056225235358013,3.22521662467967,-0.006587267135339012,-38.960884864316995,-0.6720451371627991
2017-02-01,4584.39765167042,1063.73764669956,2704.394216381297,1.3647505904393995,3.15397021572329,0.03518221271371201,-3.695055561800018,0.13820360052140046
2017-03-01,8207.17995835596,4062.43727106629,-1969.104678421696,-3.045180380921501,3.2189490874871,0.149983728125465,-4.018921078359995,0.7898611553925985
2017-04-01,6733.12545272776,-2018.00650725403,-909.2640237333035,-2.7013716342704015,3.22389118518971,-0.14496139531856503,1.0512433321459866,-1.1047964790295985
2017-05-01,4390.84347171635,715.952079710721,1759.1885138081998,-4.178722196100395,3.18385354851196,0.13394057071609802,-1.0898691026789606,1.0891459057367996
2017-06-01,4528.9582388378,3937.70864256598,490.9651216655984,-2.497356016069901,3.28615062248991,-0.31093042358133544,17.352607969390988,-1.0774637676752015
2017-07-01,4607.59230693354,-239.913416508091,705.9060721335045,2.9134638487345015,3.18776279646158,0.3134032211375104,-8.141009146756005,0.020221621840970982
2017-08-01,4058.17599040857,-285.331794819571,6164.653945437196,4.7580828116768,3.08999500732419,0.058770982287000006,-6.870302647307028,1.079778250130751
2017-09-01,9002.91500942735,2874.84359714001,3769.513305857501,1.8066397648448955,3.07710557287352,-0.01256847967579,-33.98174844745196,-1.012456072915061
2017-10-01,7213.81843778157,-1180.43945723547,-3140.7629201942036,3.0552017715353017,3.27682234550085,0.015290280597954009,4.622078297228995,0.2670551594897308
2017-11-01,3906.11872887576,2602.81376761822,-837.9382436394953,5.051239476020797,3.23230996815738,-0.158462813125971,-4.144475619142014,0.5515244622604989
2017-12-01,313.467573586727,1815.82930748537,6317.606603658001,0.9514081061435036,3.29028715409887,0.03236595619652899,-7.745875552309997,-0.32850351710548953
2018-01-01,7638.87588717175,-7575.61534635153,3603.6972689684917,5.9532195159370005,3.28843869385593,-0.1382489726419987,-3.3058852917699824,0.3509627234190207
2018-02-01,6964.13332285119,-80.9141519216132,1941.1651239357016,-2.3452193927063973,3.33388441398545,0.07165407227336869,3.112273696009993,-0.14729254948103065
2018-03-01,6563.19100168136,11433.1329987513,286.71518692300015,1.9158778383310988,3.36068172658367,-0.03201985222183598,17.255482610396996,0.06090428885675969
2018-04-01,3846.36847135615,-4205.06834463618,67.3259721443028,2.6148298497623017,3.4682933591777,0.11192910578938198,5.775205883179012,0.16979964987715057
2018-05-01,3968.17150775557,1801.1409934161,-5012.545541071202,3.622472748269999,3.65228895191825,0.17706568199954403,33.02880402461301,0.035113374382479634
2018-06-01,6953.63443265742,2244.50193337189,-4135.786869812189,-1.0282815400875052,3.79991386498926,1.065860297142034,37.474164343127995,-0.03970445575413972
2018-07-01,4490.36527995707,-9725.09314960991,4976.314002074694,-0.2563760351023916,3.82760561620952,-1.119528330116971,-46.012001679850016,0.033759948290019715
2018-08-01,8728.04097271492,4189.08102315779,-1840.2821402653062,-0.5198027495668072,4.02841076425619,-0.2819645314123042,61.166684319805995,0.05888396617531999
2018-09-01,7009.33430602417,1505.28666986736,3110.7558234578028,3.9507834662100976,3.89389109939092,0.5603729816225862,-56.93585292191301,-0.0132309991748496
2018-10-01,6692.58060124423,79.6874630435368,4790.925750711409,4.082318441489804,3.72905072521991,-0.28145337566473,-23.725027968187987,0.017863994205489675
2018-11-01,8152.47988763878,5358.95367095172,3412.1272520836937,-17.210254248107205,3.85495416032323,-0.692931764600155,10.485272134366994,-0.20832956973586025
2018-12-01,7480.06971604635,2120.0135996664,-624.7164013449074,-9.737777075903495,3.89316829165229,0.20045013863149802,0.6835523852279835,0.19349681031969101
2019-01-01,2455.11598497157,-1325.15110822568,4286.115256362013,4.110034646891201,3.82104592094578,0.305703230556501,-22.80273656735298,-0.16707800225393132
2019-02-01,7468.22270173797,-2294.53601357895,802.9971936403017,6.505197528222901,3.86519640206755,0.12258372504418802,-13.480699346775992,0.08612397575213127
2019-03-01,2944.94257751804,-298.922214227858,232.2542684689979,4.4225347176457035,3.92346710254642,0.490337847118915,18.734215166132003,0.093491967432489
2019-04-01,6676.05420551496,3728.15000132243,1353.1348946303915,1.7696430975595945,3.88867403324876,-0.18270685549732002,-0.13392876202300386,-0.0728846206306093
2019-05-01,10233.1402277657,1927.58567316417,4240.234328040999,-0.29403605881580575,3.83755451994812,-0.408844146559351,0.2286669647720032,-0.015671719358270053
2019-06-01,1241.9557591263,2357.0720236292,3320.0769559011096,-6.2634246932341995,3.75448272116316,0.024651956538225994,-23.279396437836,0.007196567031319212
2019-07-01,6272.05889414064,-395.657369942267,104.57584826998936,-1.075547965747198,3.83727525367504,0.006654631222696994,-9.005919075514015,0.04725999427157035
2019-08-01,9816.82601255171,5079.29380354798,-51.39250850799726,-4.102496898677998,4.01179687158036,0.08774623251118502,20.807033860709993,-0.47380787385415957
2019-09-01,5207.75611156906,2069.71684909248,4640.33378348501,1.7370505594542038,4.0484063889952,-0.22767752256125182,-4.876167709610996,-0.012243586904990167
2019-10-01,6661.56099694612,5713.98259640398,-1785.6599683100067,-0.959049252103604,4.03070621422401,-0.09302105995400159,1.6554669284330146,0.005590072034939553
2019-11-01,7711.9705012669,-45.7437465748297,1831.2915804119984,2.1231283994379027,4.2421462842218,0.3772984017755934,2.603199873277987,0.3286148038357908
2019-12-01,2753.39808392832,3016.78162922992,7765.705642964007,0.7796496215784003,4.08878519092319,0.43606880402683207,-28.03833340186199,-0.3416125039126108
2020-01-01,3256.24167307018,-248.522532988258,-7233.727094257003,-0.9831670585330059,4.48321390804412,-0.7163572097320036,25.40640713028199,0.3578757216580506
2020-02-01,3866.40860148009,3770.98694089733,-5665.570931604001,-5.902713630588394,4.659605791254,0.03745921503832651,15.31527746843301,-0.1836784900633699
2020-03-01,7671.08475183276,23368.5328083801,-30180.946183474196,-20.703339164586403,5.21194275329608,-0.030260916669114013,133.14997571922402,-0.1522733070425506
2020-04-01,3147.9056405979,10897.5100420516,8216.1230965399,-16.6396896928977,5.30889788436231,-0.365190823922946,52.07671343138401,0.4476784773550402
2020-05-01,4243.05892006164,605.611801052341,8587.86948105719,11.0387371633206,5.27780439026805,0.009165359904400039,-76.46500408248403,-0.7920490274566698
2020-06-01,5018.7101807668,-4610.82751301648,6941.788568642107,11.180969369827501,5.34863641837965,0.717539619137679,2.183518547881988,0.017156981494449663
2020-07-01,5547.2583488827,4024.65286874725,8127.281884961994,1.600845290279402,5.30624922817366,-0.044916651959897025,-14.136063483763962,0.8111633944555905
2020-08-01,1186.34525761704,-3759.3341761216,-2991.982756931,2.2655978134853996,5.28963437156058,0.04774437638641499,-40.54503806311203,-0.23721129436034039
2020-09-01,3163.96836776902,-1946.14988778065,-3901.3833101286,-5.609482337628705,5.47555295037134,0.281905626591091,17.881688309809988,0.2438580353808102
2020-10-01,2366.02422766032,-4943.71527022613,-4088.729134875495,1.2858301143087019,5.8215336203649,0.0108912116898231,-12.299671082693976,-0.015399646083120277
2020-11-01,1965.6125625942,-5797.8230968538,14846.32146689709,0.8467177483559993,5.38104659812347,-0.03129610335114208,-35.92068665394601,-0.13932349570350988
2020-12-01,3387.44573414542,-7693.26628467831,9894.086272837012,3.5565720417139985,5.30608846830727,0.23422555000004308,-16.80000234321801,0.13406580212697028
